{"nodes":{"node:1":{"location":{"x":-565,"y":-234}},"node:14":{"location":{"x":-414,"y":498}},"node:19":{"location":{"x":-302,"y":232}},"node:24":{"location":{"x":-568,"y":213}},"node:30":{"location":{"x":-78,"y":290}},"node:34":{"location":{"x":145,"y":-218}},"node:4":{"location":{"x":-206,"y":-199}},"node:40":{"location":{"x":534,"y":2}},"node:45":{"location":{"x":88,"y":325}},"node:50":{"location":{"x":433,"y":194}},"node:9":{"location":{"x":97,"y":504}}},"selection":null,"view":{"scroll":{"x":-680.1343994140625,"y":-266.00628662109375},"visible_rect":{"max":{"x":1003.731201171875,"y":895.9874267578125},"min":{"x":-1360.268798828125,"y":-532.0125732421875}},"zoom":0.5}}